id,first_name,last_name,email,gender,ip_address
1,Dean,Arkil,darkil0@ezinearticles.com,Male,88.85.157.100
2,Reynold,McGlynn,rmcglynn1@chron.com,Male,51.179.114.88
3,Jeffrey,Wreakes,jwreakes2@flavors.me,Male,208.63.106.231
4,Leonore,Bewlie,lbewlie3@weather.com,Female,190.20.232.5
5,Arte,Devany,adevany4@zdnet.com,Male,155.150.161.156
6,Elmo,McGilvary,emcgilvary5@unicef.org,Male,14.231.119.149
7,Jereme,L' Anglois,jlanglois6@4shared.com,Male,116.227.93.67
8,Rurik,Loadwick,rloadwick7@cornell.edu,Male,242.152.158.69
9,Bartlett,Gebhardt,bgebhardt8@1688.com,Male,107.1.241.241
10,Bondie,Dulwich,bdulwich9@miitbeian.gov.cn,Male,193.115.50.13
11,Keefe,Stein,ksteina@tripod.com,Male,115.129.184.175
12,Anthia,Pharaoh,apharaohb@reverbnation.com,Female,124.40.12.254
13,Wynny,Do Rosario,wdorosarioc@hubpages.com,Female,92.240.81.161
14,Cosmo,Sandars,csandarsd@photobucket.com,Male,226.242.66.224
15,Burgess,Manifold,bmanifolde@apple.com,Male,78.57.242.169
16,Hattie,Mayall,hmayallf@ihg.com,Female,29.244.189.151
17,Wiley,Scudder,wscudderg@ed.gov,Male,172.131.231.2
18,Julissa,Bwy,jbwyh@jimdo.com,Female,30.197.98.68
19,Frederik,Swadden,fswaddeni@edublogs.org,Male,106.183.245.71
20,Nickolai,Willisch,nwillischj@e-recht24.de,Male,46.90.144.42
21,Perceval,Nealon,pnealonk@plala.or.jp,Male,95.137.120.129
22,Efrem,Vanezis,evanezisl@addthis.com,Male,48.210.77.241
23,Bale,Dobrowolny,bdobrowolnym@admin.ch,Male,221.36.102.209
24,Ardyce,Melsom,amelsomn@wikipedia.org,Female,56.140.130.148
25,Lorrayne,Paule,lpauleo@tmall.com,Female,253.97.140.80
26,Hiram,Edkins,hedkinsp@simplemachines.org,Male,130.37.143.2
27,Grayce,Kingwell,gkingwellq@cnbc.com,Female,226.31.121.50
28,Frasquito,MacCall,fmaccallr@trellian.com,Male,227.254.21.16
29,Karolina,Koene,kkoenes@salon.com,Female,86.61.128.100
30,Denny,Brenard,dbrenardt@about.com,Male,201.47.114.223
31,Myles,Newitt,mnewittu@skype.com,Male,169.78.82.251
32,Reginauld,Pearlman,rpearlmanv@eventbrite.com,Male,231.209.244.42
33,Mil,Lydden,mlyddenw@lulu.com,Female,234.106.136.108
34,Bron,Lowth,blowthx@google.de,Male,140.215.95.47
35,Munmro,Libbey,mlibbeyy@china.com.cn,Male,235.61.79.98
36,Verge,Gascard,vgascardz@blogtalkradio.com,Male,13.36.20.22
37,Scottie,Klainman,sklainman10@mapquest.com,Male,179.242.149.136
38,Binky,Huie,bhuie11@thetimes.co.uk,Male,117.206.144.201
39,Kerwin,Subhan,ksubhan12@webnode.com,Male,226.142.229.114
40,Corine,Fraanchyonok,cfraanchyonok13@howstuffworks.com,Female,40.21.184.176
41,Lotty,Finneran,lfinneran14@kickstarter.com,Female,145.244.103.167
42,Ugo,Simonian,usimonian15@fc2.com,Male,185.134.50.206
43,Aristotle,Pearn,apearn16@tripadvisor.com,Male,12.21.3.13
44,Farrel,Chaucer,fchaucer17@cbc.ca,Male,153.230.59.175
45,Bertina,Vasiljevic,bvasiljevic18@paypal.com,Female,222.139.137.28
46,Fancy,Kytter,fkytter19@boston.com,Female,171.240.6.236
47,Tiebout,Viger,tviger1a@etsy.com,Male,136.82.2.137
48,Matthias,Putman,mputman1b@fema.gov,Male,64.40.108.171
49,Marlow,Handling,mhandling1c@fc2.com,Male,44.205.169.26
50,Godfry,Sayle,gsayle1d@fastcompany.com,Male,68.140.46.7
51,Gris,Drain,gdrain1e@odnoklassniki.ru,Male,65.16.42.235
52,Rivi,Robus,rrobus1f@mit.edu,Female,86.12.90.205
53,Batsheva,Matterdace,bmatterdace1g@biblegateway.com,Female,121.68.56.193
54,Minnnie,Grenville,mgrenville1h@chron.com,Female,24.50.146.175
55,Philbert,Clemintoni,pclemintoni1i@whitehouse.gov,Male,192.222.107.152
56,Conan,McAtamney,cmcatamney1j@macromedia.com,Male,148.206.184.72
57,Wolfy,Watterson,wwatterson1k@lycos.com,Male,245.113.174.55
58,Madelin,Ahrenius,mahrenius1l@youku.com,Female,155.85.140.198
59,Ally,Renault,arenault1m@bing.com,Female,131.50.141.152
60,Elaina,Konrad,ekonrad1n@t-online.de,Female,20.62.4.107
61,Tammy,Aldhous,taldhous1o@nifty.com,Male,127.4.7.174
62,Karlan,Riccione,kriccione1p@princeton.edu,Male,116.2.201.1
63,Natala,Strotone,nstrotone1q@google.com.br,Female,77.77.193.7
64,Corry,Fyall,cfyall1r@goo.ne.jp,Female,59.166.200.222
65,Jose,Gallico,jgallico1s@eventbrite.com,Male,165.159.93.217
66,Alberta,Harragin,aharragin1t@spiegel.de,Female,112.137.146.50
67,Toddy,Kynd,tkynd1u@youtu.be,Male,137.109.214.13
68,Sean,Arnott,sarnott1v@nasa.gov,Male,43.114.177.221
69,Anastasie,Olanda,aolanda1w@nifty.com,Female,100.111.241.71
70,Velma,Ovesen,vovesen1x@odnoklassniki.ru,Female,130.148.88.43
71,Reinwald,Gurden,rgurden1y@delicious.com,Male,150.174.102.254
72,Wilie,Galiero,wgaliero1z@blog.com,Female,98.124.92.71
73,Arlina,Coate,acoate20@state.gov,Female,7.125.174.44
74,Gregorio,Doohan,gdoohan21@stanford.edu,Male,187.23.82.133
75,Susana,Neave,sneave22@foxnews.com,Female,218.21.19.99
76,Ronna,Daniaud,rdaniaud23@dropbox.com,Female,242.123.135.147
77,Kristofor,Doxsey,kdoxsey24@yelp.com,Male,216.107.171.233
78,Ara,Gronauer,agronauer25@wunderground.com,Female,181.178.186.39
79,Grissel,Hanby,ghanby26@jugem.jp,Female,217.191.112.204
80,Claybourne,Paramor,cparamor27@slashdot.org,Male,239.113.58.194
81,Corliss,Noury,cnoury28@taobao.com,Female,28.66.52.219
82,Aleta,Norker,anorker29@tinypic.com,Female,111.254.59.205
83,Robinson,Bentson,rbentson2a@indiegogo.com,Male,184.217.244.173
84,Nanine,VanBrugh,nvanbrugh2b@deviantart.com,Female,79.206.140.189
85,Erna,Newe,enewe2c@mashable.com,Female,108.181.138.80
86,Reena,Parell,rparell2d@columbia.edu,Female,247.7.14.33
87,Isabeau,Zuppa,izuppa2e@sun.com,Female,252.186.94.20
88,Gilly,Frunks,gfrunks2f@senate.gov,Female,181.38.45.247
89,Auberta,Antonellini,aantonellini2g@dell.com,Female,14.203.95.191
90,Ag,Thynn,athynn2h@facebook.com,Female,93.65.179.164
91,Manya,Colleran,mcolleran2i@seattletimes.com,Female,94.110.208.112
92,Ruttger,Eldred,reldred2j@dot.gov,Male,220.7.163.163
93,Sharla,Moogan,smoogan2k@bloglovin.com,Female,43.152.35.219
94,Lonee,Gartenfeld,lgartenfeld2l@prnewswire.com,Female,130.234.24.205
95,Federico,Maus,fmaus2m@biblegateway.com,Male,217.212.174.175
96,Emanuel,Jacqueminet,ejacqueminet2n@cocolog-nifty.com,Male,37.112.132.186
97,Agnesse,Lorkin,alorkin2o@unc.edu,Female,37.169.2.176
98,Grannie,Dunster,gdunster2p@networkadvertising.org,Male,133.23.253.175
99,Marris,Wilman,mwilman2q@psu.edu,Female,166.61.215.223
100,Leah,Duckinfield,lduckinfield2r@squidoo.com,Female,233.60.24.73
101,Freeland,Beadles,fbeadles2s@github.io,Male,93.4.203.133
102,Layney,Etter,letter2t@pen.io,Female,79.213.180.102
103,Elizabet,Reddecliffe,ereddecliffe2u@china.com.cn,Female,140.173.18.196
104,Alvie,Rioch,arioch2v@dell.com,Male,102.86.158.49
105,Kit,Livesay,klivesay2w@wikipedia.org,Female,196.163.43.49
106,Carling,Crevagh,ccrevagh2x@bluehost.com,Male,207.205.32.119
107,Rodge,Merricks,rmerricks2y@ed.gov,Male,61.4.217.93
108,Milicent,Isbell,misbell2z@etsy.com,Female,252.188.8.73
109,Clemmie,Colquhoun,ccolquhoun30@fda.gov,Male,223.12.116.250
110,Goraud,Cudihy,gcudihy31@360.cn,Male,253.172.143.252
111,Saloma,Wardroper,swardroper32@hud.gov,Female,138.127.28.98
112,Grace,Bolte,gbolte33@ovh.net,Female,228.226.142.41
113,Cassaundra,Eades,ceades34@tiny.cc,Female,215.186.138.30
114,Ced,Belt,cbelt35@dailymotion.com,Male,194.34.223.203
115,Mayne,Ades,mades36@ucoz.ru,Male,19.212.121.131
116,Cassius,Reboul,creboul37@newsvine.com,Male,203.38.134.58
117,Dur,Dillon,ddillon38@yahoo.co.jp,Male,184.92.157.234
118,Delmar,Dowyer,ddowyer39@boston.com,Male,196.19.55.213
119,Selby,Guinan,sguinan3a@bbb.org,Male,187.219.245.244
120,Thain,Kelsall,tkelsall3b@slate.com,Male,111.32.155.212
121,Chrysler,Woodage,cwoodage3c@techcrunch.com,Female,53.147.141.138
122,Mylo,Dumbrall,mdumbrall3d@economist.com,Male,127.115.27.201
123,Tonie,Morsley,tmorsley3e@bloglines.com,Female,183.202.243.37
124,Tudor,Upjohn,tupjohn3f@biglobe.ne.jp,Male,68.188.72.156
125,Tremayne,Soans,tsoans3g@paypal.com,Male,10.198.58.237
126,Ettie,Gurge,egurge3h@yellowbook.com,Female,162.225.160.126
127,Kipper,Fairey,kfairey3i@geocities.com,Male,187.115.11.118
128,Bret,Bathersby,bbathersby3j@upenn.edu,Male,131.143.90.226
129,Kennett,Bermingham,kbermingham3k@abc.net.au,Male,65.208.51.215
130,Brig,Brewer,bbrewer3l@mayoclinic.com,Male,32.123.243.20
131,Maritsa,Akrigg,makrigg3m@time.com,Female,132.21.76.114
132,Deva,Tiddy,dtiddy3n@amazon.co.uk,Female,16.236.42.150
133,Parke,Clemenzo,pclemenzo3o@ted.com,Male,128.112.197.71
134,Ulrich,Rosenblath,urosenblath3p@weebly.com,Male,9.186.255.98
135,Walther,Sweetman,wsweetman3q@theguardian.com,Male,168.95.13.1
136,Thia,Huxley,thuxley3r@domainmarket.com,Female,209.82.200.179
137,Jud,Limbrick,jlimbrick3s@acquirethisname.com,Male,144.208.149.1
138,Shamus,Spridgeon,sspridgeon3t@wikia.com,Male,149.33.9.235
139,Hilarius,Copeman,hcopeman3u@mit.edu,Male,35.114.14.77
140,Kimberlee,Bredbury,kbredbury3v@nyu.edu,Female,186.7.4.244
141,Gussi,Tolomei,gtolomei3w@macromedia.com,Female,76.233.116.9
142,Addy,Boldt,aboldt3x@homestead.com,Male,114.112.139.107
143,Berte,Ritchman,britchman3y@eepurl.com,Female,195.40.106.180
144,Taber,Aingel,taingel3z@nationalgeographic.com,Male,17.85.151.205
145,Abdul,Allward,aallward40@eepurl.com,Male,126.45.151.53
146,Valentin,Gorhardt,vgorhardt41@elegantthemes.com,Male,86.200.57.155
147,Lyell,Tissington,ltissington42@cnet.com,Male,36.153.125.206
148,Yehudit,Worner,yworner43@ovh.net,Male,185.5.234.204
149,Emanuele,Davenell,edavenell44@networksolutions.com,Male,186.152.59.223
150,Kirby,Spybey,kspybey45@oracle.com,Male,156.204.13.87
151,Jen,Langhor,jlanghor46@mayoclinic.com,Female,35.145.144.127
152,Brynne,Tuttiett,btuttiett47@abc.net.au,Female,187.114.87.139
153,Ollie,Ridsdale,oridsdale48@sciencedaily.com,Female,163.180.236.29
154,Wittie,Hazard,whazard49@upenn.edu,Male,191.176.94.175
155,Garv,Lemon,glemon4a@soundcloud.com,Male,233.187.124.126
156,Reyna,Vedeniktov,rvedeniktov4b@scribd.com,Female,1.103.36.132
157,Sapphira,Beidebeke,sbeidebeke4c@blogs.com,Female,130.149.77.155
158,Henryetta,Tapner,htapner4d@plala.or.jp,Female,31.234.126.213
159,Krishna,Dun,kdun4e@redcross.org,Male,65.64.128.240
160,Morgen,Ottam,mottam4f@foxnews.com,Male,77.183.111.206
161,Ethelin,MacIntosh,emacintosh4g@businesswire.com,Female,133.121.103.197
162,Dolley,Deverose,ddeverose4h@cargocollective.com,Female,123.152.126.202
163,Stirling,Saxton,ssaxton4i@earthlink.net,Male,157.89.34.128
164,Lee,Liddyard,lliddyard4j@unicef.org,Male,94.52.89.107
165,Gualterio,Gunthorp,ggunthorp4k@earthlink.net,Male,75.80.239.240
166,Cymbre,Jelf,cjelf4l@mayoclinic.com,Female,19.172.183.206
167,Perry,Codd,pcodd4m@squarespace.com,Male,175.164.70.81
168,Annabell,Cannell,acannell4n@latimes.com,Female,111.70.84.95
169,Clara,Battershall,cbattershall4o@hp.com,Female,124.234.186.235
170,Matt,Barling,mbarling4p@sun.com,Male,62.147.130.202
171,Murvyn,Jirzik,mjirzik4q@qq.com,Male,146.82.68.107
172,Christy,Forsdicke,cforsdicke4r@globo.com,Female,38.41.199.218
173,Wylie,Cutress,wcutress4s@amazon.co.jp,Male,252.124.115.189
174,Teriann,Kas,tkas4t@phoca.cz,Female,157.189.173.172
175,Giulietta,Liddiatt,gliddiatt4u@yellowbook.com,Female,125.100.111.142
176,Cory,Reddecliffe,creddecliffe4v@nifty.com,Female,55.128.162.161
177,Worthington,Rannells,wrannells4w@sohu.com,Male,132.201.188.83
178,Rab,Collishaw,rcollishaw4x@reference.com,Male,108.193.167.105
179,Maurise,Teare,mteare4y@kickstarter.com,Female,113.144.197.176
180,Josefina,Arsnell,jarsnell4z@hhs.gov,Female,21.15.138.212
181,Brock,Snook,bsnook50@apache.org,Male,218.193.135.169
182,Shanna,Argo,sargo51@livejournal.com,Female,168.248.204.200
183,Tess,Ransome,transome52@home.pl,Female,53.192.185.66
184,Son,Beckford,sbeckford53@altervista.org,Male,17.218.74.207
185,Son,Vedstra,svedstra54@admin.ch,Male,38.215.59.253
186,Debbie,Hazzard,dhazzard55@spotify.com,Female,143.148.48.150
187,Dael,Aleksandrikin,daleksandrikin56@blogs.com,Male,99.39.9.55
188,Bronny,Alflat,balflat57@drupal.org,Male,36.122.217.235
189,Alena,Vinick,avinick58@opera.com,Female,226.128.150.202
190,Ddene,Vaneschi,dvaneschi59@free.fr,Female,223.162.131.252
191,Audre,Knibb,aknibb5a@cocolog-nifty.com,Female,35.176.246.38
192,Sheffield,Moen,smoen5b@prweb.com,Male,164.184.199.57
193,Eduard,Woolhouse,ewoolhouse5c@virginia.edu,Male,211.229.52.193
194,Corilla,Fruser,cfruser5d@cocolog-nifty.com,Female,190.70.193.227
195,Austen,Karys,akarys5e@geocities.com,Male,125.44.39.117
196,Erminia,Kinkead,ekinkead5f@prnewswire.com,Female,56.221.132.27
197,Eugenia,Paur,epaur5g@dagondesign.com,Female,70.154.148.247
198,Mirabelle,Williams,mwilliams5h@bloglines.com,Female,82.248.162.20
199,Leeland,Cornner,lcornner5i@dailymail.co.uk,Male,161.94.80.164
200,Deedee,Haycraft,dhaycraft5j@si.edu,Female,143.146.113.93
201,Darleen,Scocroft,dscocroft5k@npr.org,Female,122.22.171.228
202,Clemmie,Ansty,cansty5l@weebly.com,Male,154.110.238.180
203,Emmanuel,Fannin,efannin5m@nps.gov,Male,66.3.151.113
204,Danyette,Starkings,dstarkings5n@washington.edu,Female,213.151.130.172
205,Raye,Yemm,ryemm5o@elpais.com,Female,182.97.180.219
206,Patrizia,Vedeniktov,pvedeniktov5p@ihg.com,Female,96.19.186.79
207,Arri,Gerraty,agerraty5q@java.com,Male,189.231.161.22
208,Corri,Dochon,cdochon5r@exblog.jp,Female,65.193.252.49
209,Silva,Mogg,smogg5s@github.com,Female,176.2.41.13
210,Bettye,Bruhke,bbruhke5t@unesco.org,Female,33.211.4.229
211,Iosep,Strank,istrank5u@sfgate.com,Male,190.131.138.1
212,Adey,Lettsom,alettsom5v@ifeng.com,Female,101.40.98.63
213,Ed,Mackelworth,emackelworth5w@walmart.com,Male,61.191.219.82
214,Sam,Klejin,sklejin5x@noaa.gov,Male,224.207.211.48
215,Lory,Croose,lcroose5y@studiopress.com,Female,55.181.238.242
216,Will,Nannoni,wnannoni5z@purevolume.com,Male,136.53.149.73
217,North,Lytle,nlytle60@canalblog.com,Male,191.140.176.30
218,Rosina,Oswick,roswick61@prweb.com,Female,207.50.252.124
219,Francesca,Dominguez,fdominguez62@ifeng.com,Female,38.234.186.205
220,Katherine,Dible,kdible63@washington.edu,Female,20.38.15.64
221,Arvin,Quan,aquan64@fastcompany.com,Male,158.78.201.30
222,Sadella,Tregenna,stregenna65@earthlink.net,Female,91.162.107.223
223,Penrod,Bicheno,pbicheno66@oakley.com,Male,212.147.25.134
224,Frasier,Boyn,fboyn67@goo.ne.jp,Male,249.133.218.90
225,Renado,Cadigan,rcadigan68@digg.com,Male,69.101.77.209
226,Eolanda,Goard,egoard69@issuu.com,Female,72.190.160.129
227,Enriqueta,Mordie,emordie6a@cdc.gov,Female,169.102.128.122
228,Yule,Lay,ylay6b@edublogs.org,Male,227.219.96.81
229,Roberto,Gollop,rgollop6c@seattletimes.com,Male,180.165.217.104
230,Xenos,Garza,xgarza6d@bloglovin.com,Male,72.222.54.2
231,Aron,Sneesbie,asneesbie6e@unc.edu,Male,10.114.68.131
232,Bealle,Harriagn,bharriagn6f@timesonline.co.uk,Male,13.99.78.122
233,Donna,Padden,dpadden6g@cam.ac.uk,Female,203.146.136.254
234,Mary,Aguirrezabal,maguirrezabal6h@reddit.com,Female,21.92.123.101
235,Tremayne,Jacquemot,tjacquemot6i@nps.gov,Male,36.161.113.193
236,Margit,Eglise,meglise6j@oracle.com,Female,180.207.2.90
237,Ignaz,Baddiley,ibaddiley6k@google.co.jp,Male,251.82.43.248
238,Mellicent,Simoes,msimoes6l@uol.com.br,Female,234.9.78.184
239,Yolanda,Dewis,ydewis6m@businesswire.com,Female,86.137.149.35
240,Saundra,Alvarez,salvarez6n@tripod.com,Male,142.204.208.31
241,Job,Yitzhak,jyitzhak6o@cnet.com,Male,16.33.232.188
242,Yvon,Streeton,ystreeton6p@dailymotion.com,Male,199.52.67.104
243,Dilan,Fonquernie,dfonquernie6q@purevolume.com,Male,161.87.169.201
244,Junina,Crankhorn,jcrankhorn6r@nasa.gov,Female,121.221.198.28
245,Malinda,Ccomini,mccomini6s@psu.edu,Female,185.163.201.101
246,Wilburt,Langford,wlangford6t@squarespace.com,Male,153.30.50.24
247,Leonelle,Pirdy,lpirdy6u@tripod.com,Female,47.181.56.72
248,Maurie,Wilde,mwilde6v@nyu.edu,Male,77.22.4.35
249,Sollie,Silvers,ssilvers6w@army.mil,Male,191.28.29.186
250,Barty,Merriman,bmerriman6x@indiatimes.com,Male,193.188.69.89
251,Garwin,Ripping,gripping6y@themeforest.net,Male,139.104.127.51
252,Marlo,Janny,mjanny6z@harvard.edu,Female,76.7.98.118
253,Maxine,Wandrach,mwandrach70@chronoengine.com,Female,198.121.225.184
254,Ursola,Annetts,uannetts71@walmart.com,Female,218.224.124.131
255,Sorcha,Found,sfound72@woothemes.com,Female,106.254.140.111
256,Mallissa,Gurys,mgurys73@skype.com,Female,204.22.28.1
257,Raine,Swaisland,rswaisland74@technorati.com,Female,4.98.128.59
258,Reggy,Got,rgot75@photobucket.com,Male,30.80.151.221
259,Minnaminnie,Gunny,mgunny76@typepad.com,Female,199.159.157.253
260,Arliene,Krysztofowicz,akrysztofowicz77@ning.com,Female,217.67.21.189
261,Amberly,Frisby,afrisby78@washingtonpost.com,Female,247.187.80.209
262,Davide,Poe,dpoe79@wikia.com,Male,47.198.57.143
263,Beauregard,McAnellye,bmcanellye7a@freewebs.com,Male,152.181.242.196
264,Kiri,Sturrock,ksturrock7b@behance.net,Female,237.222.197.215
265,Dav,Sorsbie,dsorsbie7c@marriott.com,Male,66.3.136.104
266,Kristel,Cammocke,kcammocke7d@ft.com,Female,230.251.206.175
267,Witty,D'Agostini,wdagostini7e@state.gov,Male,194.15.158.254
268,Jojo,Murch,jmurch7f@huffingtonpost.com,Female,235.228.190.140
269,Lambert,Forbes,lforbes7g@cisco.com,Male,216.250.194.208
270,Nickie,Albany,nalbany7h@g.co,Female,148.29.177.22
271,Teresita,Lilie,tlilie7i@eepurl.com,Female,197.9.147.22
272,Vania,Blezard,vblezard7j@last.fm,Female,146.250.66.254
273,Garrick,St. Quentin,gstquentin7k@google.com.br,Male,220.191.105.152
274,Darlene,Pencost,dpencost7l@google.de,Female,173.39.110.72
275,Felipa,Halsey,fhalsey7m@icq.com,Female,220.83.177.223
276,Krysta,Pottiphar,kpottiphar7n@over-blog.com,Female,27.23.188.19
277,Travers,Rentelll,trentelll7o@squidoo.com,Male,254.47.204.55
278,Tannie,Caiger,tcaiger7p@lycos.com,Male,40.33.207.143
279,Alphonso,Golsthorp,agolsthorp7q@china.com.cn,Male,217.193.151.7
280,Pooh,Courtes,pcourtes7r@buzzfeed.com,Female,59.117.199.102
281,Boote,Glashby,bglashby7s@amazonaws.com,Male,12.43.38.181
282,Effie,Prate,eprate7t@newyorker.com,Female,23.106.212.78
283,Ashley,Laidlaw,alaidlaw7u@cafepress.com,Male,65.99.160.250
284,Griff,Alsopp,galsopp7v@ebay.co.uk,Male,188.212.10.37
285,Woodrow,Hiner,whiner7w@yellowpages.com,Male,87.36.229.19
286,Rock,Mabson,rmabson7x@dmoz.org,Male,73.114.181.101
287,Christophorus,Sawford,csawford7y@upenn.edu,Male,183.40.113.58
288,Harry,McDuffy,hmcduffy7z@tuttocitta.it,Male,232.86.216.32
289,Brewster,Olliver,bolliver80@tumblr.com,Male,8.145.22.213
290,Fritz,Cleverly,fcleverly81@opera.com,Male,210.211.50.57
291,Stefanie,Pinnocke,spinnocke82@cafepress.com,Female,95.133.235.48
292,Genna,MacGorley,gmacgorley83@oakley.com,Female,2.101.247.122
293,Giuditta,Basden,gbasden84@unblog.fr,Female,181.83.85.56
294,Antin,Harrowsmith,aharrowsmith85@bbc.co.uk,Male,1.36.79.180
295,Edgar,McPharlain,emcpharlain86@phoca.cz,Male,90.232.188.126
296,Guenevere,Drewet,gdrewet87@homestead.com,Female,201.113.2.76
297,Cindee,Glassard,cglassard88@engadget.com,Female,169.94.222.21
298,Evangelin,Teideman,eteideman89@hugedomains.com,Female,89.141.5.154
299,Brynn,Attewill,battewill8a@xinhuanet.com,Female,208.42.219.207
300,Theo,Van der Merwe,tvandermerwe8b@prlog.org,Male,28.195.243.171
301,Nial,Hallede,nhallede8c@indiegogo.com,Male,79.154.249.179
302,Gifford,Ceccoli,gceccoli8d@1und1.de,Male,44.209.159.218
303,Aristotle,Gethings,agethings8e@fotki.com,Male,81.179.15.203
304,Creight,Grigsby,cgrigsby8f@mashable.com,Male,106.23.22.108
305,Kermie,Toynbee,ktoynbee8g@netvibes.com,Male,142.176.197.20
306,Sibby,Le Lievre,slelievre8h@devhub.com,Female,93.87.201.9
307,Jacqui,Commuzzo,jcommuzzo8i@statcounter.com,Female,209.206.112.225
308,Bartholomeo,Stubley,bstubley8j@mozilla.com,Male,238.108.123.119
309,Abbi,Blakey,ablakey8k@skyrock.com,Female,100.72.125.115
310,Jerry,Andresser,jandresser8l@bigcartel.com,Female,103.10.129.101
311,Urbano,Lourens,ulourens8m@forbes.com,Male,120.245.50.28
312,Franz,Stuckow,fstuckow8n@icq.com,Male,177.127.67.71
313,Milissent,Purkins,mpurkins8o@irs.gov,Female,97.71.111.175
314,Vern,Mapholm,vmapholm8p@booking.com,Male,10.237.222.128
315,Dorella,Ughi,dughi8q@360.cn,Female,161.31.137.178
316,Henriette,Ruit,hruit8r@bravesites.com,Female,242.182.20.181
317,Doralin,Wellan,dwellan8s@constantcontact.com,Female,191.70.212.126
318,Sky,Quilkin,squilkin8t@mtv.com,Male,194.234.85.253
319,Leif,Richie,lrichie8u@istockphoto.com,Male,77.92.87.106
320,Burnaby,Lackey,blackey8v@sohu.com,Male,47.230.232.67
321,Aldous,Crosham,acrosham8w@europa.eu,Male,69.91.162.192
322,Aristotle,Espine,aespine8x@cloudflare.com,Male,11.69.196.123
323,Ian,Bootell,ibootell8y@ifeng.com,Male,150.209.192.7
324,Alley,Bocke,abocke8z@reddit.com,Male,119.15.218.4
325,Elmo,Tapenden,etapenden90@last.fm,Male,148.155.211.254
326,Oralee,Habishaw,ohabishaw91@nhs.uk,Female,145.82.115.119
327,Cy,Shaughnessy,cshaughnessy92@yolasite.com,Male,97.86.83.155
328,Dore,Lude,dlude93@blogtalkradio.com,Female,75.179.119.5
329,Drusie,Granleese,dgranleese94@tuttocitta.it,Female,223.137.46.156
330,Rolfe,Gauge,rgauge95@forbes.com,Male,93.37.138.65
331,Christophorus,Lytton,clytton96@umich.edu,Male,220.92.179.181
332,Currey,Matzeitis,cmatzeitis97@ox.ac.uk,Male,68.235.254.149
333,Harrison,Derwin,hderwin98@privacy.gov.au,Male,8.221.246.247
334,Karlene,Godber,kgodber99@stanford.edu,Female,70.231.242.70
335,Toby,Scole,tscole9a@skyrock.com,Female,177.182.49.202
336,Chauncey,Blackbrough,cblackbrough9b@globo.com,Male,248.16.185.91
337,Clementia,Milesop,cmilesop9c@mediafire.com,Female,67.227.235.12
338,Tremain,Merveille,tmerveille9d@sphinn.com,Male,36.180.251.186
339,Glendon,Buddleigh,gbuddleigh9e@nasa.gov,Male,207.153.213.89
340,Lanie,Mawd,lmawd9f@exblog.jp,Male,200.232.255.43
341,Lory,Klempke,lklempke9g@free.fr,Female,251.181.67.100
342,Gothart,Muat,gmuat9h@timesonline.co.uk,Male,24.62.72.18
343,Rodd,Vickery,rvickery9i@yandex.ru,Male,169.68.5.145
344,Zed,Goodsall,zgoodsall9j@cdbaby.com,Male,158.119.236.137
345,Mario,Betteney,mbetteney9k@smh.com.au,Male,17.102.7.170
346,Loraine,Spurman,lspurman9l@salon.com,Female,0.250.64.19
347,Alard,Londors,alondors9m@flickr.com,Male,213.74.47.223
348,Emmie,Jeffcoate,ejeffcoate9n@unc.edu,Female,161.4.142.97
349,Chaddie,Grancher,cgrancher9o@craigslist.org,Male,120.102.173.223
350,Ruthanne,Imm,rimm9p@google.ca,Female,41.37.150.107
351,Hieronymus,Klima,hklima9q@rambler.ru,Male,100.173.114.201
352,Natty,McArley,nmcarley9r@washingtonpost.com,Male,103.60.136.188
353,Wendel,Veryan,wveryan9s@msn.com,Male,207.72.53.55
354,Jayme,Oglevie,joglevie9t@google.ca,Male,119.8.161.26
355,Elke,Sapseed,esapseed9u@biblegateway.com,Female,114.241.51.4
356,Josefa,Billett,jbillett9v@weather.com,Female,14.105.58.77
357,Laurence,Brimilcome,lbrimilcome9w@mayoclinic.com,Male,155.216.105.166
358,Enos,Neville,eneville9x@flickr.com,Male,11.205.206.70
359,Nettie,Danat,ndanat9y@unblog.fr,Female,207.206.34.242
360,Shena,Cotmore,scotmore9z@4shared.com,Female,105.184.43.31
361,Jonah,Hallas,jhallasa0@tuttocitta.it,Male,3.101.192.64
362,Allie,McQuorkell,amcquorkella1@netvibes.com,Female,197.171.48.104
363,Brittney,Nockles,bnocklesa2@cdc.gov,Female,58.37.39.211
364,Richy,Pelman,rpelmana3@sitemeter.com,Male,236.165.10.125
365,Spense,Everett,severetta4@fda.gov,Male,199.207.78.87
366,Hildegaard,Hallede,hhalledea5@hexun.com,Female,162.137.18.31
367,Rayshell,Southard,rsoutharda6@ucoz.com,Female,192.209.237.189
368,Arv,Hallibone,ahallibonea7@fc2.com,Male,145.134.2.168
369,Juditha,Lawless,jlawlessa8@hostgator.com,Female,113.98.164.199
370,Reinaldo,Aingel,raingela9@state.tx.us,Male,190.242.119.32
371,Marley,Drains,mdrainsaa@gnu.org,Female,6.80.220.41
372,Jakob,Housley,jhousleyab@seesaa.net,Male,76.237.200.89
373,Sherlocke,L'Amie,slamieac@nps.gov,Male,205.21.32.228
374,Lanny,Dragon,ldragonad@freewebs.com,Male,194.193.80.112
375,Kellen,Cosham,kcoshamae@apache.org,Male,241.175.8.191
376,Lotte,Giacobini,lgiacobiniaf@umich.edu,Female,186.199.227.241
377,Julee,Wheeler,jwheelerag@ustream.tv,Female,215.22.241.244
378,Nanice,Beadle,nbeadleah@ocn.ne.jp,Female,29.137.123.63
379,Kenon,Pennycuick,kpennycuickai@hostgator.com,Male,115.220.39.175
380,Oliy,Elnough,oelnoughaj@amazon.co.uk,Female,40.164.40.44
381,Dorene,Allmond,dallmondak@freewebs.com,Female,224.198.233.224
382,Blondell,O'Neil,boneilal@spiegel.de,Female,90.214.121.160
383,Kellia,Audritt,kaudrittam@goo.ne.jp,Female,35.0.26.163
384,Rosemary,Jeyness,rjeynessan@wordpress.org,Female,50.0.74.164
385,Edy,Elgie,eelgieao@bing.com,Female,97.187.128.188
386,Hester,Mytton,hmyttonap@domainmarket.com,Female,169.75.63.118
387,Mickie,Ruzic,mruzicaq@nifty.com,Male,83.37.89.234
388,Nissie,Blodgett,nblodgettar@digg.com,Female,166.169.1.68
389,Dre,Roxbee,droxbeeas@goo.gl,Female,156.68.253.111
390,Osmund,Cruikshanks,ocruikshanksat@seesaa.net,Male,211.157.32.240
391,Oliy,Fortin,ofortinau@elegantthemes.com,Female,116.198.137.123
392,Corrianne,Pendrill,cpendrillav@dedecms.com,Female,213.0.170.247
393,Farrah,Devericks,fdevericksaw@sakura.ne.jp,Female,17.41.64.32
394,Shellie,Rolstone,srolstoneax@foxnews.com,Female,35.78.156.28
395,Sharlene,Lydall,slydallay@tripadvisor.com,Female,150.7.72.139
396,Genvieve,Grace,ggraceaz@netlog.com,Female,31.27.18.222
397,Bernhard,Taverner,btavernerb0@unesco.org,Male,68.98.33.85
398,Micheline,Glynn,mglynnb1@amazon.co.uk,Female,68.94.125.98
399,Aurel,Mattaser,amattaserb2@sun.com,Female,40.128.126.114
400,Jenn,Jerrand,jjerrandb3@springer.com,Female,36.47.232.146
401,Amabel,Beachem,abeachemb4@google.cn,Female,187.38.21.192
402,Howard,Keizman,hkeizmanb5@psu.edu,Male,83.195.158.136
403,Rolf,Mullineux,rmullineuxb6@salon.com,Male,218.15.201.237
404,Cassi,Middleton,cmiddletonb7@cnn.com,Female,233.125.111.99
405,Kara-lynn,Danbye,kdanbyeb8@pen.io,Female,70.134.39.6
406,Gilburt,Itzchaki,gitzchakib9@nasa.gov,Male,249.176.188.78
407,Edee,Burgum,eburgumba@tripod.com,Female,41.128.70.228
408,Anni,Riche,arichebb@ftc.gov,Female,103.169.132.124
409,Myrle,Henryson,mhenrysonbc@yellowpages.com,Female,41.59.73.39
410,Cecil,Colwill,ccolwillbd@ning.com,Male,27.240.39.131
411,Mickie,Sherburn,msherburnbe@tamu.edu,Male,159.105.251.90
412,Cletis,Guidetti,cguidettibf@multiply.com,Male,234.148.207.151
413,Cam,Vasilov,cvasilovbg@dmoz.org,Male,241.186.37.83
414,Tabby,Warrick,twarrickbh@flickr.com,Male,253.32.201.93
415,Hubey,Cremer,hcremerbi@360.cn,Male,56.53.157.158
416,Andie,Marriott,amarriottbj@blogtalkradio.com,Female,104.253.112.187
417,Melony,Sanja,msanjabk@nationalgeographic.com,Female,6.103.204.182
418,Regen,Babonau,rbabonaubl@va.gov,Male,184.72.108.97
419,Stevena,Lyddiard,slyddiardbm@goo.ne.jp,Female,133.249.108.56
420,Rorie,Wrigglesworth,rwrigglesworthbn@alexa.com,Female,12.245.128.143
421,Onida,Pocknell,opocknellbo@google.ru,Female,37.175.213.130
422,Moyra,Spadoni,mspadonibp@symantec.com,Female,145.217.154.31
423,Avrom,Dael,adaelbq@com.com,Male,103.131.78.58
424,Pinchas,Newlands,pnewlandsbr@shutterfly.com,Male,178.104.72.108
425,Fiona,Shird,fshirdbs@utexas.edu,Female,246.28.13.213
426,Hayden,Berzons,hberzonsbt@networkadvertising.org,Male,134.68.11.104
427,Sharia,Kaubisch,skaubischbu@soundcloud.com,Female,196.8.251.63
428,Gavin,Milkeham,gmilkehambv@dedecms.com,Male,140.177.140.232
429,Kettie,Camock,kcamockbw@nymag.com,Female,63.146.86.54
430,Dreddy,Cassidy,dcassidybx@webnode.com,Female,237.159.154.201
431,Jdavie,Sharratt,jsharrattby@blogger.com,Male,239.246.197.242
432,Karylin,Morrieson,kmorriesonbz@ovh.net,Female,70.195.158.15
433,Ilene,Heading,iheadingc0@newsvine.com,Female,238.229.196.38
434,Carling,Etherton,cethertonc1@facebook.com,Male,88.50.103.11
435,Thorndike,Astill,tastillc2@redcross.org,Male,234.233.80.31
436,Eldredge,Kenneway,ekennewayc3@hexun.com,Male,81.193.60.158
437,Rickie,Stothard,rstothardc4@rambler.ru,Male,100.71.134.192
438,Johna,Christopher,jchristopherc5@fastcompany.com,Female,25.144.71.8
439,Gae,Valentetti,gvalentettic6@noaa.gov,Female,9.88.115.63
440,Althea,Pottinger,apottingerc7@google.ca,Female,31.66.31.146
441,Reginauld,Lilywhite,rlilywhitec8@yellowbook.com,Male,247.10.59.105
442,Franny,Waggatt,fwaggattc9@shutterfly.com,Male,200.112.230.46
443,Joyann,Quirke,jquirkeca@wikipedia.org,Female,9.177.133.20
444,Sergei,Ferrillo,sferrillocb@com.com,Male,229.84.2.28
445,Cindee,Matejic,cmatejiccc@reddit.com,Female,239.23.43.189
446,Mallory,Wickes,mwickescd@arizona.edu,Female,162.131.23.34
447,Jacquelin,Paoloni,jpaolonice@lulu.com,Female,114.169.45.173
448,Paule,Bettam,pbettamcf@diigo.com,Female,117.102.245.245
449,Lyndsey,Luckman,lluckmancg@skyrock.com,Female,235.67.23.238
450,Rickie,Horley,rhorleych@zdnet.com,Male,153.21.111.27
451,Lionello,Braithwait,lbraithwaitci@imageshack.us,Male,74.162.160.61
452,Herbert,Hawney,hhawneycj@scribd.com,Male,217.242.51.167
453,Ulla,Litster,ulitsterck@engadget.com,Female,42.202.174.217
454,Hanan,Kelbie,hkelbiecl@sciencedirect.com,Male,251.25.227.8
455,Valaree,Iwanicki,viwanickicm@1688.com,Female,201.105.125.236
456,Putnam,Gieraths,pgierathscn@spotify.com,Male,21.171.98.160
457,Alecia,Sharkey,asharkeyco@irs.gov,Female,102.234.166.11
458,Nicolas,Laidel,nlaidelcp@msn.com,Male,9.80.136.118
459,Page,Brock,pbrockcq@livejournal.com,Male,40.170.161.238
460,Rogers,Brunel,rbrunelcr@answers.com,Male,190.3.176.72
461,Beltran,Khalid,bkhalidcs@smh.com.au,Male,17.54.201.232
462,Liane,Ivatt,livattct@google.fr,Female,98.44.11.245
463,Lottie,Brimacombe,lbrimacombecu@alibaba.com,Female,75.17.238.120
464,Jodi,Calcutt,jcalcuttcv@dailymotion.com,Male,133.133.35.92
465,Reynold,Dreng,rdrengcw@dyndns.org,Male,3.194.9.47
466,Osgood,Como,ocomocx@sfgate.com,Male,17.117.3.205
467,Karry,Comar,kcomarcy@biblegateway.com,Female,104.88.210.217
468,Barnie,Lightfoot,blightfootcz@latimes.com,Male,0.2.140.108
469,Pinchas,Davidofski,pdavidofskid0@t.co,Male,202.61.149.224
470,Adham,Wallhead,awallheadd1@yahoo.com,Male,116.251.81.207
471,Ryon,Renshaw,rrenshawd2@ezinearticles.com,Male,85.183.168.113
472,Robb,O' Hern,rohernd3@spotify.com,Male,53.41.61.105
473,Hendrik,Booty,hbootyd4@oakley.com,Male,82.187.99.127
474,Mychal,Zanicchi,mzanicchid5@google.cn,Male,1.193.135.168
475,Don,Sorsbie,dsorsbied6@wordpress.org,Male,58.27.243.86
476,Bessy,Arthur,barthurd7@liveinternet.ru,Female,211.183.45.185
477,Emilee,Daynter,edaynterd8@list-manage.com,Female,225.45.249.40
478,Jonas,Conaghy,jconaghyd9@ucoz.com,Male,226.80.4.167
479,Veronika,Ashmole,vashmoleda@icio.us,Female,10.239.33.210
480,Zane,Harm,zharmdb@google.co.jp,Male,131.15.214.178
481,Lin,Sherwell,lsherwelldc@people.com.cn,Male,241.113.165.15
482,Sasha,Greenroyd,sgreenroyddd@cloudflare.com,Male,227.18.162.106
483,Alix,Malletratt,amalletrattde@tmall.com,Male,155.82.247.24
484,Goldi,Gallacher,ggallacherdf@jigsy.com,Female,250.188.100.254
485,Brittan,Hainey,bhaineydg@foxnews.com,Female,202.200.93.131
486,Siegfried,Soldner,ssoldnerdh@so-net.ne.jp,Male,124.176.122.75
487,Tuesday,Clifton,tcliftondi@alexa.com,Female,35.251.88.158
488,Karee,Tredwell,ktredwelldj@digg.com,Female,17.196.183.52
489,Aimee,Bock,abockdk@washingtonpost.com,Female,211.197.61.179
490,Obie,Blizard,oblizarddl@ifeng.com,Male,149.129.147.38
491,Ravi,Brower,rbrowerdm@cornell.edu,Male,36.125.43.78
492,Reta,Duplan,rduplandn@clickbank.net,Female,130.151.186.146
493,Fernandina,Le Frank,flefrankdo@cam.ac.uk,Female,114.241.227.201
494,Kean,Comer,kcomerdp@trellian.com,Male,130.166.27.96
495,Nicolais,Orteaux,norteauxdq@zimbio.com,Male,25.57.249.62
496,Skipper,Manneville,smannevilledr@google.fr,Male,5.214.247.254
497,Conny,Agate,cagateds@wp.com,Male,80.237.62.245
498,Caddric,Dubery,cduberydt@answers.com,Male,206.242.80.243
499,Jeanelle,Blore,jbloredu@ask.com,Female,123.251.122.87
500,Avrom,Ivatts,aivattsdv@mysql.com,Male,247.102.133.90
501,Wadsworth,Antonetti,wantonettidw@multiply.com,Male,177.110.156.82
502,Gherardo,Esposita,gespositadx@google.pl,Male,193.248.247.213
503,Chelsy,Dunlea,cdunleady@sourceforge.net,Female,167.139.170.28
504,Cozmo,Le Prevost,cleprevostdz@usa.gov,Male,48.113.132.222
505,Samantha,Chastelain,schastelaine0@miitbeian.gov.cn,Female,58.63.110.83
506,Rhys,Stanbridge,rstanbridgee1@fda.gov,Male,56.57.250.239
507,Berkly,Duffree,bduffreee2@time.com,Male,84.237.201.218
508,Andromache,Heibl,aheible3@usnews.com,Female,47.238.140.120
509,Patricia,Applegate,papplegatee4@tiny.cc,Female,11.241.157.55
510,Imogene,Rolling,irollinge5@amazon.co.jp,Female,223.29.77.224
511,Farlay,Lamplough,flamploughe6@hao123.com,Male,64.1.63.165
512,Jere,Lineker,jlinekere7@indiegogo.com,Female,28.226.106.174
513,Ferdinanda,Gladdin,fgladdine8@macromedia.com,Female,27.153.254.84
514,Pansie,Redmore,predmoree9@ihg.com,Female,109.213.238.240
515,Normy,Robbs,nrobbsea@go.com,Male,65.14.90.166
516,Erinn,Terzza,eterzzaeb@chicagotribune.com,Female,253.83.241.173
517,Stanfield,Ryman,srymanec@1688.com,Male,223.91.33.92
518,Cornelius,Frichley,cfrichleyed@dailymail.co.uk,Male,15.245.244.106
519,Foss,Engledow,fengledowee@senate.gov,Male,166.23.204.43
520,Lisa,Bounde,lboundeef@patch.com,Female,122.19.242.204
521,Layla,Astbery,lastberyeg@godaddy.com,Female,171.78.126.114
522,Cristi,Pescud,cpescudeh@amazon.co.jp,Female,195.62.243.111
523,Yard,Henzer,yhenzerei@cbslocal.com,Male,175.44.226.160
524,Sven,Hasty,shastyej@people.com.cn,Male,251.167.86.36
525,Matteo,Wilcinskis,mwilcinskisek@telegraph.co.uk,Male,23.136.167.193
526,Hastings,Hudspeth,hhudspethel@instagram.com,Male,20.177.233.242
527,Cherlyn,Vears,cvearsem@netvibes.com,Female,25.63.255.199
528,Ailee,Kitchener,akitcheneren@goodreads.com,Female,49.182.43.69
529,Vittorio,Lathwood,vlathwoodeo@google.com,Male,54.71.173.180
530,Griffy,Caldicot,gcaldicotep@dailymail.co.uk,Male,140.95.23.147
531,Royce,Petheridge,rpetheridgeeq@surveymonkey.com,Male,43.239.24.103
532,Teodorico,Swayne,tswayneer@woothemes.com,Male,111.182.120.115
533,Morgen,Kimblen,mkimblenes@acquirethisname.com,Male,250.246.221.84
534,Letisha,Tran,ltranet@freewebs.com,Female,177.124.48.4
535,Merola,Shervington,mshervingtoneu@who.int,Female,118.108.16.212
536,Gun,Kilbey,gkilbeyev@de.vu,Male,150.171.248.247
537,Zared,Swann,zswannew@cloudflare.com,Male,122.13.60.87
538,Robyn,Todarini,rtodariniex@toplist.cz,Female,248.221.5.17
539,Lara,Valiant,lvaliantey@goodreads.com,Female,19.230.145.70
540,Kevon,Lesslie,klesslieez@nydailynews.com,Male,151.148.96.224
541,Wallis,Botten,wbottenf0@cyberchimps.com,Female,39.239.243.162
542,Elisabet,MacKellen,emackellenf1@google.co.uk,Female,50.56.112.173
543,Alonzo,Longmuir,alongmuirf2@parallels.com,Male,175.199.90.247
544,Rodger,Darree,rdarreef3@xrea.com,Male,20.180.101.105
545,Olivette,Sell,osellf4@indiegogo.com,Female,10.79.223.182
546,Bird,Popelay,bpopelayf5@theglobeandmail.com,Female,140.123.17.249
547,Brittaney,O'Corr,bocorrf6@nifty.com,Female,7.60.79.31
548,Stephan,Render,srenderf7@boston.com,Male,204.121.202.160
549,Rana,Symington,rsymingtonf8@buzzfeed.com,Female,71.78.207.24
550,Quentin,Preator,qpreatorf9@nhs.uk,Male,174.83.187.153
551,Lena,Stenyng,lstenyngfa@networksolutions.com,Female,145.252.232.130
552,Florance,Fulkes,ffulkesfb@unc.edu,Female,215.55.238.4
553,Malvin,Klaff,mklafffc@ebay.co.uk,Male,172.209.17.5
554,Neils,Eastridge,neastridgefd@discovery.com,Male,125.164.63.20
555,Chaunce,Mergue,cmerguefe@dot.gov,Male,143.250.14.20
556,Aube,Tabner,atabnerff@prweb.com,Male,123.155.166.76
557,Melly,Oade,moadefg@studiopress.com,Female,251.220.62.107
558,Ramona,Rodenhurst,rrodenhurstfh@house.gov,Female,159.32.229.62
559,Vladimir,Mechell,vmechellfi@go.com,Male,93.113.151.209
560,Waneta,Shoebottom,wshoebottomfj@edublogs.org,Female,40.4.201.80
561,Noami,Durak,ndurakfk@cnet.com,Female,95.173.181.13
562,Giselbert,Barniss,gbarnissfl@squidoo.com,Male,9.32.161.223
563,Boone,Quinnette,bquinnettefm@upenn.edu,Male,162.108.112.116
564,Nalani,Ryam,nryamfn@sun.com,Female,42.64.240.171
565,Ashlin,Haddinton,ahaddintonfo@exblog.jp,Male,218.209.55.190
566,Karisa,Rundall,krundallfp@cocolog-nifty.com,Female,40.28.217.247
567,Maurise,Stirgess,mstirgessfq@acquirethisname.com,Male,154.226.178.42
568,Halley,Kittley,hkittleyfr@buzzfeed.com,Female,242.92.202.86
569,Adrianna,Winckles,awincklesfs@princeton.edu,Female,221.60.215.235
570,Aldous,Edel,aedelft@wordpress.com,Male,237.104.14.205
571,Jacki,Guinane,jguinanefu@indiegogo.com,Female,132.196.46.217
572,Alva,Sainteau,asainteaufv@cnet.com,Male,166.116.76.124
573,Eadith,Meake,emeakefw@forbes.com,Female,195.164.90.245
574,Ruth,Duckett,rduckettfx@ustream.tv,Female,220.48.14.229
575,Killian,Nicholson,knicholsonfy@spotify.com,Male,127.93.35.229
576,Dan,Kewley,dkewleyfz@ustream.tv,Male,108.130.109.63
577,Hansiain,Ilymanov,hilymanovg0@creativecommons.org,Male,2.181.47.156
578,Decca,Cronk,dcronkg1@google.com.br,Male,43.203.37.223
579,Odelle,Bodycote,obodycoteg2@hexun.com,Female,46.150.216.84
580,Bary,Shearme,bshearmeg3@instagram.com,Male,61.120.138.219
581,Wheeler,Brocking,wbrockingg4@mail.ru,Male,29.90.213.160
582,Helaine,Jime,hjimeg5@hugedomains.com,Female,158.112.213.183
583,Lamont,Woodruff,lwoodruffg6@nbcnews.com,Male,234.47.32.227
584,Florella,Schwandner,fschwandnerg7@netlog.com,Female,108.8.158.54
585,Phoebe,Gabbott,pgabbottg8@statcounter.com,Female,253.238.86.68
586,Ora,Boldison,oboldisong9@jiathis.com,Female,245.152.242.4
587,Lorant,Tortis,ltortisga@histats.com,Male,183.184.19.234
588,Mercedes,Fitton,mfittongb@google.com.br,Female,185.64.14.45
589,Cyril,Soffe,csoffegc@prlog.org,Male,112.209.6.8
590,Kristoffer,Tendahl,ktendahlgd@rediff.com,Male,150.85.24.33
591,Winfield,Hawkeridge,whawkeridgege@blog.com,Male,117.31.132.116
592,Lyndel,Pashe,lpashegf@deliciousdays.com,Female,4.133.214.13
593,Kincaid,Biggin,kbiggingg@cloudflare.com,Male,157.55.5.36
594,Gerardo,Gerardi,ggerardigh@mozilla.org,Male,237.147.93.127
595,Bernadene,Tripet,btripetgi@eepurl.com,Female,132.134.246.138
596,Had,Breazeall,hbreazeallgj@patch.com,Male,23.255.124.29
597,Carmencita,Tebbett,ctebbettgk@usnews.com,Female,78.119.251.19
598,Nicoli,Backhouse,nbackhousegl@wikipedia.org,Female,48.43.241.202
599,Chelsey,Rivitt,crivittgm@usda.gov,Female,212.71.242.178
600,Sonia,Gerrelts,sgerreltsgn@sourceforge.net,Female,178.39.47.37
601,Devlen,Hoffmann,dhoffmanngo@example.com,Male,191.66.106.200
602,Appolonia,Bryers,abryersgp@hubpages.com,Female,226.134.9.236
603,Aloin,Ruprecht,aruprechtgq@psu.edu,Male,179.94.36.42
604,Gretchen,Morrant,gmorrantgr@reference.com,Female,97.216.160.66
605,Gwyneth,Layhe,glayhegs@google.de,Female,194.146.223.83
606,Talbot,Vaen,tvaengt@berkeley.edu,Male,125.18.222.25
607,Merry,Shelmardine,mshelmardinegu@unicef.org,Male,7.15.24.100
608,Page,Prenty,pprentygv@dailymotion.com,Male,112.178.194.135
609,Isidore,Sapir,isapirgw@phpbb.com,Male,123.186.24.14
610,Tad,Onyon,tonyongx@netscape.com,Male,31.132.167.34
611,Arri,Varsey,avarseygy@youku.com,Male,246.85.183.82
612,Rutger,Shovell,rshovellgz@kickstarter.com,Male,52.131.241.4
613,Isak,Inston,iinstonh0@yellowbook.com,Male,28.85.46.30
614,Shoshanna,O'Neal,sonealh1@dagondesign.com,Female,157.4.84.159
615,Elora,Gabbidon,egabbidonh2@cocolog-nifty.com,Female,202.253.23.16
616,Arlen,Haselgrove,ahaselgroveh3@wordpress.com,Female,212.168.40.176
617,Constantia,Peealess,cpeealessh4@disqus.com,Female,53.117.41.92
618,Aliza,Loftin,aloftinh5@patch.com,Female,247.24.42.198
619,Baldwin,Lampard,blampardh6@cbc.ca,Male,115.66.41.116
620,Kathrine,Kibble,kkibbleh7@dot.gov,Female,21.237.184.146
621,Delila,Worgan,dworganh8@miitbeian.gov.cn,Female,57.205.10.92
622,Wit,Ludovico,wludovicoh9@bravesites.com,Male,124.158.62.251
623,Arabella,Arntzen,aarntzenha@youtube.com,Female,70.20.237.153
624,Erny,Accombe,eaccombehb@meetup.com,Male,163.199.174.198
625,Lilian,Coverley,lcoverleyhc@1688.com,Female,26.143.126.137
626,Blisse,Quested,bquestedhd@blogs.com,Female,240.107.6.40
627,Verile,Dowzell,vdowzellhe@earthlink.net,Female,60.179.133.212
628,Libbie,MacAvddy,lmacavddyhf@deliciousdays.com,Female,185.215.108.187
629,Glenda,Denekamp,gdenekamphg@bigcartel.com,Female,234.191.213.219
630,Maryl,Peplow,mpeplowhh@liveinternet.ru,Female,159.227.120.170
631,Augustina,Blincowe,ablincowehi@huffingtonpost.com,Female,225.247.110.67
632,Calley,Ziems,cziemshj@hexun.com,Female,230.170.81.62
633,Sean,Bayns,sbaynshk@indiegogo.com,Female,14.157.45.230
634,Thayne,Puckinghorne,tpuckinghornehl@w3.org,Male,92.84.217.7
635,Celestina,Hanstock,chanstockhm@baidu.com,Female,204.27.31.101
636,Casi,Hammerberger,chammerbergerhn@zimbio.com,Female,218.139.226.16
637,Rolfe,Cron,rcronho@php.net,Male,46.201.153.37
638,Harlie,Dzenisenka,hdzenisenkahp@zdnet.com,Female,99.136.46.220
639,Cari,Rein,creinhq@wired.com,Female,60.231.162.56
640,Cheryl,Malletratt,cmalletratthr@thetimes.co.uk,Female,118.20.161.155
641,Carlen,Verbruggen,cverbruggenhs@hp.com,Female,38.101.109.249
642,Guinna,Anney,ganneyht@sitemeter.com,Female,212.193.22.229
643,Flossie,Inchley,finchleyhu@hatena.ne.jp,Female,75.113.255.103
644,Fred,Mouatt,fmouatthv@printfriendly.com,Female,221.106.244.63
645,Eartha,Chessel,echesselhw@woothemes.com,Female,171.255.176.131
646,Adrian,Isacke,aisackehx@dagondesign.com,Female,81.141.134.101
647,Wally,Bernollet,wbernollethy@nhs.uk,Female,191.14.74.96
648,Karissa,Yedy,kyedyhz@printfriendly.com,Female,49.98.250.20
649,Marty,Webby,mwebbyi0@opera.com,Male,153.169.82.186
650,Jandy,Harder,jharderi1@quantcast.com,Female,193.2.179.118
651,Charlean,Lansly,clanslyi2@networkadvertising.org,Female,204.153.97.41
652,Reuben,Burnsell,rburnselli3@ucoz.ru,Male,22.99.91.147
653,Bobette,Persey,bperseyi4@tiny.cc,Female,142.93.92.212
654,Langsdon,Beevis,lbeevisi5@hatena.ne.jp,Male,8.197.43.221
655,Wilmer,Merrien,wmerrieni6@ow.ly,Male,152.116.167.137
656,Quentin,Berardt,qberardti7@japanpost.jp,Male,5.252.176.156
657,Nial,Groven,ngroveni8@zimbio.com,Male,39.141.106.71
658,Wadsworth,Duiged,wduigedi9@yahoo.co.jp,Male,192.116.143.159
659,Bride,Wynrehame,bwynrehameia@blogtalkradio.com,Female,255.196.86.134
660,Emelen,McGown,emcgownib@tiny.cc,Male,224.178.149.169
661,Jennica,Jennins,jjenninsic@jimdo.com,Female,6.221.14.17
662,Alanson,Sinclair,asinclairid@github.com,Male,35.155.50.130
663,Carlin,June,cjuneie@thetimes.co.uk,Male,147.229.191.185
664,Gilberta,Normanvell,gnormanvellif@ftc.gov,Female,141.222.187.189
665,Berkie,Besantie,bbesantieig@canalblog.com,Male,6.240.167.183
666,Towny,Queste,tquesteih@engadget.com,Male,10.139.51.31
667,Ariadne,Cohen,acohenii@liveinternet.ru,Female,241.155.69.140
668,Fran,Silber,fsilberij@google.co.uk,Male,230.242.7.204
669,Decca,Habbershon,dhabbershonik@discuz.net,Male,47.189.252.55
670,Erna,Bazely,ebazelyil@dailymotion.com,Female,184.35.178.131
671,Roselia,Scrivner,rscrivnerim@cbsnews.com,Female,144.117.88.145
672,Benoit,Mowbray,bmowbrayin@blogtalkradio.com,Male,84.114.249.255
673,Barby,Mendus,bmendusio@shareasale.com,Female,122.175.195.119
674,Kristian,McLagain,kmclagainip@simplemachines.org,Male,208.97.65.220
675,Dewitt,Ions,dionsiq@ucsd.edu,Male,106.134.5.37
676,Constancy,Firk,cfirkir@youtu.be,Female,209.27.6.173
677,Ola,Battle,obattleis@dagondesign.com,Female,180.206.60.101
678,Angela,Arnli,aarnliit@redcross.org,Female,234.191.71.36
679,Staford,Saban,ssabaniu@t.co,Male,108.20.190.46
680,Kevan,Ellis,kellisiv@macromedia.com,Male,150.97.242.71
681,Guy,Gianetti,ggianettiiw@businessinsider.com,Male,133.0.39.115
682,Byrle,Drains,bdrainsix@g.co,Male,59.74.40.133
683,Domeniga,Filyashin,dfilyashiniy@nih.gov,Female,155.8.165.225
684,Archer,Dandison,adandisoniz@networksolutions.com,Male,213.101.161.221
685,Haley,Edge,hedgej0@patch.com,Female,187.57.185.173
686,Dietrich,Yurin,dyurinj1@cam.ac.uk,Male,150.37.118.92
687,Arlie,Inold,ainoldj2@topsy.com,Female,94.132.44.178
688,Chaunce,Craxford,ccraxfordj3@fema.gov,Male,41.56.26.243
689,Humphrey,Brolechan,hbrolechanj4@theguardian.com,Male,23.25.142.154
690,Dorie,Whapple,dwhapplej5@mediafire.com,Female,166.15.130.160
691,Augusto,Moles,amolesj6@earthlink.net,Male,206.241.70.163
692,Isa,Hindge,ihindgej7@columbia.edu,Male,108.108.83.121
693,Deanna,Leeman,dleemanj8@goo.ne.jp,Female,163.9.182.205
694,Lindsay,Hendrickson,lhendricksonj9@amazon.de,Female,48.164.204.4
695,Hersch,Coronas,hcoronasja@yellowbook.com,Male,164.162.190.102
696,Ruperto,Gleaves,rgleavesjb@prnewswire.com,Male,199.18.40.177
697,Kimberly,Goard,kgoardjc@salon.com,Female,104.20.55.192
698,Ronica,Annandale,rannandalejd@amazon.de,Female,169.33.245.126
699,Sabrina,Marling,smarlingje@hao123.com,Female,147.204.18.155
700,Lora,Rapson,lrapsonjf@earthlink.net,Female,86.157.21.234
701,Everett,Mouser,emouserjg@nifty.com,Male,225.190.152.160
702,Gilburt,Coopland,gcooplandjh@tripadvisor.com,Male,155.233.178.125
703,Silvana,Benech,sbenechji@amazon.de,Female,218.84.209.182
704,Charissa,Deas,cdeasjj@shinystat.com,Female,97.76.237.65
705,Lucas,Wichard,lwichardjk@cdc.gov,Male,104.93.206.222
706,Staci,Sloss,sslossjl@sphinn.com,Female,174.90.0.22
707,Rana,Leggett,rleggettjm@examiner.com,Female,200.208.166.51
708,Creight,Belham,cbelhamjn@g.co,Male,139.210.199.31
709,Xenos,Heinzel,xheinzeljo@blogger.com,Male,171.178.16.127
710,Carree,Troubridge,ctroubridgejp@mail.ru,Female,12.174.139.99
711,Jacqueline,Koch,jkochjq@wufoo.com,Female,57.103.40.179
712,Nada,Eagland,neaglandjr@army.mil,Female,163.148.233.194
713,Dahlia,Halshaw,dhalshawjs@abc.net.au,Female,121.63.78.3
714,Angelo,Crombie,acrombiejt@google.ru,Male,167.84.87.132
715,Wes,Bolderstone,wbolderstoneju@aol.com,Male,209.254.179.248
716,Carline,Banger,cbangerjv@miitbeian.gov.cn,Female,68.191.153.13
717,Cord,Galland,cgallandjw@pbs.org,Male,40.25.100.30
718,Rhett,Jestico,rjesticojx@hugedomains.com,Male,86.39.99.23
719,Lenka,Yakovlev,lyakovlevjy@issuu.com,Female,202.90.137.82
720,Claresta,Haensel,chaenseljz@newsvine.com,Female,124.40.14.90
721,Massimiliano,Kane,mkanek0@cdbaby.com,Male,242.159.215.126
722,Ulric,Yerill,uyerillk1@java.com,Male,176.40.78.102
723,Ilaire,Mutter,imutterk2@so-net.ne.jp,Male,214.146.62.95
724,Ignaz,Marrow,imarrowk3@behance.net,Male,97.130.60.135
725,Jamie,Spraberry,jspraberryk4@addtoany.com,Female,204.131.151.64
726,Bendix,Reynault,breynaultk5@ehow.com,Male,160.209.6.202
727,Bartie,Duiged,bduigedk6@yolasite.com,Male,106.136.161.17
728,Stewart,McLafferty,smclaffertyk7@wordpress.org,Male,11.42.143.198
729,Sheelah,Goldring,sgoldringk8@blogger.com,Female,44.186.59.122
730,Nikolas,Dorsett,ndorsettk9@lycos.com,Male,3.2.52.152
731,Jaquelin,Duxbury,jduxburyka@bloglines.com,Female,183.197.185.30
732,Ferguson,Bernardos,fbernardoskb@boston.com,Male,27.249.96.46
733,Renie,Woodage,rwoodagekc@mit.edu,Female,65.188.161.37
734,Hatty,Drowsfield,hdrowsfieldkd@dion.ne.jp,Female,50.182.189.19
735,Hobie,McAlindon,hmcalindonke@vistaprint.com,Male,153.46.127.13
736,Josselyn,Salmon,jsalmonkf@over-blog.com,Female,33.150.144.151
737,Rubia,Dennant,rdennantkg@facebook.com,Female,26.208.217.54
738,Reinaldo,Maty,rmatykh@noaa.gov,Male,64.241.209.177
739,Tiphany,Isgate,tisgateki@addthis.com,Female,56.227.43.25
740,Inigo,Aubrey,iaubreykj@tinyurl.com,Male,89.203.32.26
741,Crystal,MacDwyer,cmacdwyerkk@abc.net.au,Female,97.19.157.137
742,Bordie,Oldnall,boldnallkl@tiny.cc,Male,213.173.156.182
743,Zahara,Daid,zdaidkm@microsoft.com,Female,24.12.130.44
744,Martelle,Lennie,mlenniekn@ftc.gov,Female,191.47.43.212
745,Alard,Eastcourt,aeastcourtko@acquirethisname.com,Male,61.45.146.171
746,Stevy,Donaher,sdonaherkp@va.gov,Male,199.90.137.117
747,Fernanda,Krabbe,fkrabbekq@slashdot.org,Female,230.106.141.239
748,Vera,Skryne,vskrynekr@slashdot.org,Female,118.175.71.187
749,Alastair,MacCosty,amaccostyks@about.me,Male,202.122.104.201
750,Donnie,MacGraith,dmacgraithkt@ca.gov,Male,163.175.86.153
751,Barri,Warden,bwardenku@umich.edu,Male,73.41.172.20
752,Burgess,Haythorne,bhaythornekv@adobe.com,Male,79.229.82.86
753,Tan,Freezer,tfreezerkw@who.int,Male,175.2.86.45
754,Ivar,Bowman,ibowmankx@nymag.com,Male,227.150.236.68
755,Cullan,Petegree,cpetegreeky@latimes.com,Male,151.23.49.171
756,Abbye,Skrines,askrineskz@addthis.com,Female,158.238.95.61
757,Vera,Joss,vjossl0@army.mil,Female,29.101.94.137
758,Wilmar,Losseljong,wlosseljongl1@blinklist.com,Male,66.180.141.211
759,Weston,Chmiel,wchmiell2@histats.com,Male,210.26.99.248
760,Manny,Kenner,mkennerl3@digg.com,Male,253.239.8.145
761,Jemmy,Gabbitas,jgabbitasl4@ibm.com,Female,28.75.215.138
762,Aurelea,Jaumet,ajaumetl5@auda.org.au,Female,220.88.94.56
763,Libbi,Grindell,lgrindelll6@google.nl,Female,94.218.136.183
764,Cindee,Hitschke,chitschkel7@businessweek.com,Female,94.112.132.130
765,Ebba,Downer,edownerl8@cnbc.com,Female,51.161.86.182
766,Alverta,Craig,acraigl9@umich.edu,Female,180.26.109.243
767,Mirilla,Melwall,mmelwallla@buzzfeed.com,Female,201.149.60.102
768,Vale,Bachmann,vbachmannlb@weibo.com,Female,127.242.150.64
769,Twila,Ciementini,tciementinilc@uiuc.edu,Female,124.77.115.54
770,Barbie,Todd,btoddld@4shared.com,Female,68.137.116.227
771,Trish,Leggett,tleggettle@ucla.edu,Female,96.235.203.80
772,Elga,Faithfull,efaithfulllf@mayoclinic.com,Female,227.204.222.148
773,Irina,Fox,ifoxlg@latimes.com,Female,226.223.221.48
774,Inglebert,Hamper,ihamperlh@dagondesign.com,Male,135.9.131.213
775,Bettina,Grieves,bgrievesli@wired.com,Female,241.97.9.243
776,Sly,Di Maria,sdimarialj@i2i.jp,Male,158.52.255.251
777,Casie,Lingley,clingleylk@ted.com,Female,211.225.152.74
778,Levin,Dallimore,ldallimorell@ameblo.jp,Male,159.37.128.218
779,Lucien,Scapens,lscapenslm@privacy.gov.au,Male,77.212.95.156
780,Giovanni,Ballach,gballachln@umn.edu,Male,58.102.234.91
781,Sherie,Glander,sglanderlo@dell.com,Female,55.36.223.10
782,Jonis,Lugsdin,jlugsdinlp@sina.com.cn,Female,113.217.156.80
783,Suzi,Darbey,sdarbeylq@discuz.net,Female,10.161.217.135
784,Carson,Trevor,ctrevorlr@xrea.com,Male,116.171.219.90
785,Shurwood,Cortin,scortinls@bing.com,Male,189.206.163.155
786,Merrick,Meriel,mmeriellt@fema.gov,Male,79.137.96.42
787,Mano,Kantor,mkantorlu@istockphoto.com,Male,135.193.136.95
788,Germaine,Brugden,gbrugdenlv@sourceforge.net,Male,121.20.230.18
789,Axe,Wigfall,awigfalllw@weebly.com,Male,232.150.83.61
790,Lesley,Fidler,lfidlerlx@cisco.com,Male,103.62.45.15
791,Audrey,Arend,aarendly@marketwatch.com,Female,65.218.27.130
792,Lexi,Mansel,lmansellz@xrea.com,Female,215.111.102.226
793,Rustie,Smy,rsmym0@1und1.de,Male,58.46.153.152
794,Eamon,Cavaney,ecavaneym1@xing.com,Male,57.237.244.56
795,Karrie,Debill,kdebillm2@fc2.com,Female,22.116.222.55
796,Imelda,Eyres,ieyresm3@deliciousdays.com,Female,25.55.17.228
797,Dana,Doggerell,ddoggerellm4@seesaa.net,Male,252.254.210.48
798,Dalenna,Jerrom,djerromm5@oakley.com,Female,197.232.122.40
799,Linc,Danskine,ldanskinem6@ebay.com,Male,155.128.254.121
800,Donnajean,Rowles,drowlesm7@kickstarter.com,Female,173.231.193.86
801,Ellie,Schwier,eschwierm8@twitpic.com,Female,55.210.229.81
802,Diana,Varfalameev,dvarfalameevm9@cnn.com,Female,137.84.63.127
803,Norri,Lunt,nluntma@xinhuanet.com,Female,11.35.200.66
804,Ferdy,Palke,fpalkemb@rambler.ru,Male,198.13.101.129
805,Teador,Pleager,tpleagermc@bloomberg.com,Male,190.89.185.153
806,Pancho,Montrose,pmontrosemd@army.mil,Male,116.138.186.246
807,Selie,Connor,sconnorme@barnesandnoble.com,Female,40.114.157.10
808,Adelind,Caroli,acarolimf@oaic.gov.au,Female,185.137.223.135
809,Alexio,Osmund,aosmundmg@xinhuanet.com,Male,6.146.47.118
810,Angie,Drees,adreesmh@tripadvisor.com,Female,207.145.96.32
811,Lorenzo,Gyngell,lgyngellmi@goo.gl,Male,130.74.58.66
812,Freeland,Sute,fsutemj@baidu.com,Male,127.27.182.228
813,Glory,Hartnell,ghartnellmk@imageshack.us,Female,97.188.233.110
814,Noellyn,Calton,ncaltonml@amazon.de,Female,230.76.112.196
815,Kendra,Vasyutin,kvasyutinmm@topsy.com,Female,56.141.250.85
816,Glenna,Schoffel,gschoffelmn@google.com.br,Female,14.50.241.122
817,Sibylla,O'Kelly,sokellymo@cdbaby.com,Female,106.12.204.133
818,Cindi,Coggins,ccogginsmp@histats.com,Female,246.249.144.161
819,Mahmoud,Manjin,mmanjinmq@sakura.ne.jp,Male,39.131.108.154
820,Ingram,Stampfer,istampfermr@upenn.edu,Male,17.187.228.53
821,Hanan,Cawte,hcawtems@digg.com,Male,166.169.209.26
822,Fayina,Pill,fpillmt@npr.org,Female,26.117.240.247
823,Symon,Bollini,sbollinimu@walmart.com,Male,45.62.109.132
824,Tomlin,Ferronet,tferronetmv@addtoany.com,Male,154.16.166.143
825,Livy,Shiel,lshielmw@people.com.cn,Female,72.254.166.137
826,Cicily,Key,ckeymx@amazon.com,Female,92.85.157.134
827,Hi,Joss,hjossmy@over-blog.com,Male,201.124.94.164
828,Arlen,Kollaschek,akollaschekmz@istockphoto.com,Female,49.188.184.189
829,Weidar,Cheltnam,wcheltnamn0@baidu.com,Male,252.134.10.145
830,Mara,Brompton,mbromptonn1@goo.gl,Female,62.78.90.184
831,Beverlie,Frenchum,bfrenchumn2@economist.com,Female,118.80.147.109
832,Johnath,Cansdale,jcansdalen3@nature.com,Female,68.21.123.150
833,Harlie,MacConnechie,hmacconnechien4@taobao.com,Female,70.105.192.148
834,Lin,MacNaughton,lmacnaughtonn5@weibo.com,Male,187.161.128.90
835,Wang,Tokley,wtokleyn6@diigo.com,Male,248.252.154.35
836,Magda,Beedham,mbeedhamn7@cbslocal.com,Female,47.170.216.19
837,Donelle,Walsh,dwalshn8@washingtonpost.com,Female,242.202.80.97
838,Zsazsa,Kaming,zkamingn9@cmu.edu,Female,85.204.58.161
839,Bil,Simonin,bsimoninna@google.nl,Male,127.35.183.88
840,Pascale,Vasyutochkin,pvasyutochkinnb@tumblr.com,Male,102.49.28.53
841,Chelsie,Muckleston,cmucklestonnc@nhs.uk,Female,173.227.183.209
842,Carrissa,Comini,ccominind@infoseek.co.jp,Female,189.59.208.249
843,Giffie,McIlmorie,gmcilmoriene@msu.edu,Male,9.43.40.31
844,Giraud,Ferries,gferriesnf@gov.uk,Male,241.225.125.81
845,Jemmie,Cantwell,jcantwellng@behance.net,Female,99.232.129.145
846,Ardath,Siebart,asiebartnh@wordpress.com,Female,109.112.123.139
847,Grantham,Dollman,gdollmanni@alibaba.com,Male,193.205.194.33
848,Dorise,Eatock,deatocknj@sciencedirect.com,Female,236.199.118.47
849,Sidnee,Brabben,sbrabbennk@skyrock.com,Male,215.68.25.253
850,Merle,Cassey,mcasseynl@dion.ne.jp,Male,17.83.44.205
851,Carma,Fenck,cfencknm@washingtonpost.com,Female,100.128.28.213
852,Norrie,Lautie,nlautienn@merriam-webster.com,Male,119.187.14.50
853,Gloriane,Greenman,ggreenmanno@360.cn,Female,47.92.170.140
854,Floris,Opy,fopynp@marketwatch.com,Female,171.206.91.219
855,Abbey,Lassetter,alassetternq@surveymonkey.com,Female,1.181.57.153
856,Babbette,Blueman,bbluemannr@acquirethisname.com,Female,180.79.99.194
857,Chane,Santarelli,csantarellins@github.io,Male,1.174.84.31
858,Celene,Way,cwaynt@netvibes.com,Female,21.13.241.198
859,Dotti,Dreier,ddreiernu@prlog.org,Female,198.177.238.63
860,Lanni,Geare,lgearenv@nbcnews.com,Female,64.111.188.243
861,Isiahi,Laurens,ilaurensnw@eepurl.com,Male,250.108.32.165
862,Juliet,Thomerson,jthomersonnx@twitter.com,Female,27.147.220.70
863,Sully,Grigoryov,sgrigoryovny@skype.com,Male,217.56.71.122
864,Mylo,Hadwen,mhadwennz@1688.com,Male,192.213.83.60
865,Robin,Petrulis,rpetruliso0@netvibes.com,Female,8.132.227.249
866,Arabela,Hazzard,ahazzardo1@canalblog.com,Female,141.42.159.179
867,Holli,Farrent,hfarrento2@dropbox.com,Female,253.183.134.30
868,Anneliese,Laible,alaibleo3@pcworld.com,Female,252.106.147.209
869,Ruthy,O' Dooley,rodooleyo4@bandcamp.com,Female,90.148.39.45
870,Leland,Mitroshinov,lmitroshinovo5@mlb.com,Male,176.180.28.198
871,Fleur,Bird,fbirdo6@redcross.org,Female,255.104.169.150
872,Dianna,Whopples,dwhoppleso7@nature.com,Female,93.134.236.218
873,Tildi,Miskin,tmiskino8@github.io,Female,172.176.234.108
874,Babb,Pesterfield,bpesterfieldo9@msu.edu,Female,200.27.222.228
875,Mallorie,Boneham,mbonehamoa@bandcamp.com,Female,252.107.154.102
876,Honey,Hurd,hhurdob@telegraph.co.uk,Female,83.107.123.142
877,Hagen,Bailles,hbaillesoc@fema.gov,Male,160.13.243.36
878,Lewes,Bartol,lbartolod@reuters.com,Male,89.180.159.72
879,Walker,Loseby,wlosebyoe@technorati.com,Male,196.127.16.98
880,Boigie,Stangoe,bstangoeof@abc.net.au,Male,28.167.9.238
881,Jenny,Robus,jrobusog@trellian.com,Female,9.180.183.41
882,Elisabeth,Redsell,eredselloh@google.cn,Female,84.7.11.246
883,Imelda,Tomsu,itomsuoi@addtoany.com,Female,32.75.33.177
884,Paola,Crowcroft,pcrowcroftoj@samsung.com,Female,155.40.28.210
885,Morie,Allwood,mallwoodok@cnbc.com,Male,231.10.57.57
886,Brent,Maharey,bmahareyol@addtoany.com,Male,227.3.215.236
887,Terrence,Simester,tsimesterom@jimdo.com,Male,194.182.224.220
888,Early,Petegree,epetegreeon@phpbb.com,Male,214.121.80.122
889,Sargent,Lloyd-Williams,slloydwilliamsoo@tripod.com,Male,136.169.60.96
890,Dyana,O'Growgane,dogrowganeop@paypal.com,Female,110.155.132.81
891,Mariette,Paulitschke,mpaulitschkeoq@blog.com,Female,84.153.221.97
892,Cassondra,Hartburn,chartburnor@samsung.com,Female,168.24.180.200
893,Lev,Smythe,lsmytheos@nifty.com,Male,221.4.241.234
894,Wanda,Inge,wingeot@51.la,Female,111.91.166.5
895,Willi,Elsby,welsbyou@hostgator.com,Male,225.247.108.252
896,Wynne,Mowle,wmowleov@nbcnews.com,Female,71.122.250.72
897,Raynor,Foulkes,rfoulkesow@phpbb.com,Male,140.217.229.202
898,Dru,Middlemass,dmiddlemassox@kickstarter.com,Male,47.52.41.247
899,Erick,Relf,erelfoy@xrea.com,Male,199.254.129.9
900,Deloria,Beaufoy,dbeaufoyoz@1und1.de,Female,200.215.250.216
901,Sandi,Bull,sbullp0@cnet.com,Female,106.69.199.69
902,Tabina,Dorow,tdorowp1@is.gd,Female,100.115.145.95
903,Lambert,Greensall,lgreensallp2@seesaa.net,Male,44.40.84.102
904,Dori,Ager,dagerp3@github.io,Female,106.214.75.249
905,Paco,Greneham,pgrenehamp4@google.com.au,Male,173.219.124.222
906,Charita,Puckham,cpuckhamp5@networkadvertising.org,Female,2.60.13.138
907,Elna,Fontes,efontesp6@hugedomains.com,Female,85.157.160.75
908,Jo ann,Kynoch,jkynochp7@addthis.com,Female,103.17.221.27
909,Sheridan,Revans,srevansp8@plala.or.jp,Male,109.71.230.252
910,Alberto,MacAiline,amacailinep9@bandcamp.com,Male,17.141.177.88
911,Juditha,Estcot,jestcotpa@flavors.me,Female,186.222.232.102
912,Shalne,Foynes,sfoynespb@umich.edu,Female,148.179.11.208
913,Zack,Attfield,zattfieldpc@com.com,Male,226.47.161.88
914,Ingrim,Ager,iagerpd@discuz.net,Male,222.230.92.120
915,Lib,Valance,lvalancepe@comcast.net,Female,92.210.254.40
916,Pace,Quade,pquadepf@oracle.com,Male,212.134.73.29
917,Jeane,Trime,jtrimepg@amazonaws.com,Female,165.77.228.182
918,Baryram,Danniell,bdanniellph@walmart.com,Male,185.15.122.127
919,Annelise,Romanelli,aromanellipi@multiply.com,Female,57.67.35.107
920,Terrence,Membry,tmembrypj@auda.org.au,Male,39.124.31.225
921,Irena,Smeall,ismeallpk@weather.com,Female,87.98.141.144
922,Rurik,Gian,rgianpl@sina.com.cn,Male,234.213.95.65
923,Edik,Colaco,ecolacopm@fda.gov,Male,64.52.113.34
924,Rubin,Fleisch,rfleischpn@pcworld.com,Male,241.197.110.23
925,Kirsti,Branchflower,kbranchflowerpo@virginia.edu,Female,8.248.178.116
926,Fayth,Philippeaux,fphilippeauxpp@hostgator.com,Female,0.248.94.250
927,Gladys,O'Spillane,gospillanepq@elpais.com,Female,191.146.0.167
928,Simmonds,Flarity,sflaritypr@samsung.com,Male,44.10.139.44
929,Lorilyn,Lukehurst,llukehurstps@yahoo.co.jp,Female,67.144.209.220
930,Carly,Ferrettini,cferrettinipt@prlog.org,Male,42.131.141.246
931,Kalie,Willacot,kwillacotpu@huffingtonpost.com,Female,8.26.74.21
932,Farica,Fosse,ffossepv@list-manage.com,Female,89.117.36.92
933,Kalil,Wickersley,kwickersleypw@ameblo.jp,Male,220.243.61.194
934,Alaric,Sowley,asowleypx@abc.net.au,Male,147.159.1.17
935,Courtnay,Ravillas,cravillaspy@google.com.hk,Female,60.124.182.9
936,Abbott,Popley,apopleypz@wordpress.org,Male,237.203.189.221
937,Garrott,Bridewell,gbridewellq0@washingtonpost.com,Male,6.230.68.199
938,Betteanne,Asplen,basplenq1@phpbb.com,Female,251.138.50.56
939,Woodrow,Shelmerdine,wshelmerdineq2@paginegialle.it,Male,124.158.12.64
940,Ewan,Yabsley,eyabsleyq3@icq.com,Male,56.114.102.187
941,Peria,Kinnoch,pkinnochq4@dailymail.co.uk,Female,40.120.167.178
942,Fabio,Klambt,fklambtq5@ucoz.ru,Male,141.207.120.3
943,Isabelita,Buchanan,ibuchananq6@huffingtonpost.com,Female,42.126.24.87
944,Sid,Coppard,scoppardq7@imgur.com,Male,50.66.207.98
945,Donovan,O'Lenechan,dolenechanq8@weibo.com,Male,103.172.106.222
946,Elaine,Ashborne,eashborneq9@army.mil,Female,138.192.56.104
947,Amata,Philbin,aphilbinqa@salon.com,Female,56.0.86.135
948,Fidel,Loble,flobleqb@youtu.be,Male,66.225.198.118
949,Hilary,Gecks,hgecksqc@mit.edu,Male,85.146.43.33
950,Marjorie,Yonnie,myonnieqd@xinhuanet.com,Female,9.250.103.145
951,Liza,Halworth,lhalworthqe@irs.gov,Female,51.222.118.89
952,Giulio,Ardley,gardleyqf@51.la,Male,173.3.86.159
953,Gardy,Compford,gcompfordqg@hubpages.com,Male,143.99.108.202
954,Cristian,Grenshiels,cgrenshielsqh@narod.ru,Male,82.13.228.227
955,Carmen,Genery,cgeneryqi@comcast.net,Female,95.41.103.231
956,Aurie,Vokes,avokesqj@bravesites.com,Female,198.198.47.48
957,Lianne,Tender,ltenderqk@mediafire.com,Female,51.171.40.135
958,Amble,Nancekivell,anancekivellql@furl.net,Male,146.25.51.17
959,Gerry,Fellenor,gfellenorqm@princeton.edu,Female,230.135.120.178
960,Garold,Talmadge,gtalmadgeqn@weebly.com,Male,223.255.8.180
961,Roy,Stokell,rstokellqo@usatoday.com,Male,165.107.8.210
962,Kasper,Hearfield,khearfieldqp@histats.com,Male,150.208.29.129
963,Jonathon,Willbond,jwillbondqq@reuters.com,Male,119.179.202.251
964,Nana,Sherwen,nsherwenqr@nbcnews.com,Female,238.157.74.49
965,Bernard,Stidever,bstideverqs@epa.gov,Male,6.97.236.116
966,Sanford,Mulheron,smulheronqt@moonfruit.com,Male,137.193.208.94
967,Michael,Bodicam,mbodicamqu@joomla.org,Male,206.218.125.3
968,Vladamir,Huguet,vhuguetqv@washington.edu,Male,169.222.36.97
969,Cate,Phipp,cphippqw@apache.org,Female,133.82.58.218
970,Park,Noah,pnoahqx@sbwire.com,Male,142.76.210.33
971,Nicholas,Farleigh,nfarleighqy@intel.com,Male,76.53.248.31
972,Patrizio,Rosier,prosierqz@paginegialle.it,Male,222.105.148.235
973,Reamonn,Kimmons,rkimmonsr0@timesonline.co.uk,Male,203.12.36.253
974,Greta,Iceton,gicetonr1@blogtalkradio.com,Female,88.201.128.99
975,Gasper,Seawright,gseawrightr2@harvard.edu,Male,42.61.117.252
976,Aleksandr,Brymham,abrymhamr3@tamu.edu,Male,3.251.50.75
977,Cherida,Kubacki,ckubackir4@liveinternet.ru,Female,168.216.201.115
978,Myron,Larenson,mlarensonr5@webmd.com,Male,81.240.224.146
979,Demetrius,Fattorini,dfattorinir6@icio.us,Male,44.210.214.74
980,Shane,Avrahamov,savrahamovr7@chicagotribune.com,Female,240.88.102.48
981,Flint,Abbie,fabbier8@ezinearticles.com,Male,85.133.112.252
982,Gwen,Coston,gcostonr9@last.fm,Female,5.164.233.104
983,Britta,Whitrod,bwhitrodra@telegraph.co.uk,Female,56.189.192.177
984,Panchito,Driver,pdriverrb@gizmodo.com,Male,211.169.62.92
985,Daune,Bartolomivis,dbartolomivisrc@artisteer.com,Female,26.128.109.146
986,Lee,Yakunkin,lyakunkinrd@blinklist.com,Male,197.161.224.55
987,Hedi,Ponder,hponderre@etsy.com,Female,242.225.47.73
988,Nealson,Pooly,npoolyrf@redcross.org,Male,34.183.105.212
989,Shell,Mathon,smathonrg@tumblr.com,Male,162.133.99.165
990,Tyler,Berrygun,tberrygunrh@wikipedia.org,Male,230.202.221.49
991,Kristoffer,Davitti,kdavittiri@t-online.de,Male,109.141.176.94
992,Darb,Carlone,dcarlonerj@123-reg.co.uk,Female,191.122.23.135
993,Jourdan,Schade,jschaderk@skyrock.com,Female,13.107.57.44
994,Pepillo,Gonzalvo,pgonzalvorl@live.com,Male,75.161.9.104
995,Jessamine,Prebble,jprebblerm@typepad.com,Female,114.250.186.52
996,Gare,Coxon,gcoxonrn@ocn.ne.jp,Male,165.191.89.197
997,Rouvin,McKinless,rmckinlessro@wiley.com,Male,119.107.104.132
998,Marigold,O'Dogherty,modoghertyrp@wp.com,Female,135.165.228.194
999,Obed,Spencelayh,ospencelayhrq@mtv.com,Male,246.253.20.175
1000,Hasty,Netley,hnetleyrr@stumbleupon.com,Male,229.154.106.183
